Blob ID,Mean Intensity,Std Deviation,Area,LBP Mean,LBP Std,Imain1,Imain2,Final Inertia,Prediction
1,156.5,39.71460688,4,1.5,1.118033989,8276.697947,0.302052825,27401.49156,Star
2,123.25,15.10587634,4,1.5,1.118033989,79594.57001,0.429991644,185107.2484,Debris
3,123,0,1,0,0,52637,0,inf,Debris
4,133,21,2,0.5,0.5,269523.4712,144.0287559,1871.317082,Debris
5,127.2,35.25563785,5,1.833333333,1.067187373,433137.231,194.209011,2230.263306,Debris
6,180.4,38.81546084,5,2,1,323978.0203,410.2197027,789.7670887,Debris
7,164.8333333,43.70386456,18,2.857142857,1.273753893,267413.1398,2978.033042,89.79522255,Star
8,96,0,1,0,0,144797,0,inf,Debris
9,135,35.35533906,3,1.75,1.089724736,4623.682399,0.095378523,48477.18578,Debris
10,170.65625,40.58294698,32,3.142857143,1.51691147,389669.6901,26083.82555,14.93913113,Star
11,151,43.20493799,3,0.666666667,0.471404521,127229.4977,2211.502278,57.53080112,Debris
12,119.5,10.5,2,0.5,0.5,90173.50563,1870.994366,48.19549822,Debris
13,100,0,1,0,0,8857,0,inf,Debris
14,141.4,41.09793182,5,1.833333333,1.067187373,319978.4721,3170.767905,100.9151353,Debris
15,129,11,2,0.5,0.5,205265.7613,2911.738677,70.49594215,Debris
16,183.5,9.5,2,0.5,0.5,54619.5606,2980.939396,18.32293561,Debris
17,134.6666667,25.4863798,3,1.5,1.118033989,45059.7721,0.005681343,7931183.832,Debris
18,143.3333333,34.72111109,3,1.5,1.118033989,286870.2112,0.233235944,1229957.127,Debris
19,135.3333333,33.92475334,3,1.5,1.118033989,116970.3623,0.082106269,1424621.581,Debris
20,168.5,3.5,2,0.5,0.5,22115.99699,180.5030088,122.5242567,Debris
21,144,17.23368794,4,1.5,1.118033989,139816.9791,0.020855836,6703973.82,Debris
22,116,0,1,0,0,93938,0,inf,Debris
23,149,0,1,0,0,37748,0,inf,Debris
24,97,0,1,0,0,118388,0,inf,Debris
25,161.7857143,42.79048387,14,2.8,1.029563014,273541.9527,14297.86365,19.13166605,Star
26,172.1030928,48.09629899,291,4.936904762,2.908046299,4291709.294,520512.8634,8.245155107,Star
27,141.25,11.49728229,4,1.5,1.118033989,228240.9596,0.040378379,5652553.782,Debris
28,167.25,15.59447017,4,1.5,1.118033989,110288.9755,0.02451741,4498394.273,Debris
29,160,46.32493929,6,1.833333333,1.067187373,84542.04528,567.4547154,148.9846555,Debris
30,170,36.22154055,6,2,0.816496581,178030.6625,17739.83755,10.03564221,Debris
31,139,44.33959855,4,1.833333333,1.213351648,234036.8302,22045.79483,10.61593977,Debris
32,127,18.23915203,3,1.5,1.118033989,365403.7466,0.031137551,11735147.29,Debris
33,180.3636364,33.31467798,11,3,1.966384161,412166.2053,28962.79472,14.23088515,Star
34,127,0,1,0,0,219040,0,inf,Debris
35,167.2857143,42.91091864,7,2.222222222,1.030402055,267594.0661,1.17876916,227011.4244,Star
36,114.5,10.5,2,0.5,0.5,307925.894,36611.60599,8.410608758,Debris
37,144,33.3091579,4,1.5,1.118033989,210484.8461,0.153930321,1367403.408,Debris
38,153.2,35.7121828,5,1.833333333,1.067187373,250429.6779,21691.36209,11.54513381,Debris
39,96,0,1,0,0,179513,0,inf,Debris
40,183,37.85762803,5,1.833333333,1.067187373,213245.2264,9177.413565,23.23587413,Star
41,96.33333333,0.471404521,3,0.666666667,0.471404521,321177.5176,50531.48241,6.355988431,Debris
42,123,26,2,0.5,0.5,244320.7648,36683.73521,6.660193228,Debris
43,162,0,1,0,0,248405,0,inf,Debris
44,96,0,1,0,0,119650,0,inf,Debris
45,128.5,5.5,2,0.5,0.5,328719.9316,49505.56839,6.64005974,Debris
46,126,13.32291259,4,1.5,1.118033989,511586.9993,0.000705647,724989622.9,Debris
1,132.2857143,37.84824693,7,2.333333333,1.054092553,275996.7262,1.947239157,141737.4569,Debris
2,169.5,10.9658561,4,1.5,1.118033989,87524.54299,0.457014669,191513.6406,Debris
3,140.375,39.93099517,8,2.333333333,1.054092553,353290.5083,1.835484848,192478.0303,Debris
4,161.6,39.09782603,5,1.833333333,1.067187373,1439.670533,123.9694671,11.61310576,Debris
5,97,0,1,0,0,116000,0,inf,Debris
6,140.5,39.7209013,8,2.333333333,1.054092553,255720.9367,1.657034345,154324.4637,Debris
7,95,0,1,0,0,12625,0,inf,Debris
8,94,0,1,0,0,140965,0,inf,Debris
9,97,0,1,0,0,26506,0,inf,Debris
10,141.75,20.78911975,4,1.75,1.089724736,110890.6429,0.357117598,310515.7617,Debris
11,102,0,1,0,0,36040,0,inf,Debris
12,94,0,1,0,0,65960,0,inf,Debris
13,153.9,46.34964941,10,2.416666667,1.037491633,9057.102023,472.657977,19.16206319,Star
14,101,0,1,0,0,32040,0,inf,Debris
15,113,0,1,0,0,2341,0,inf,Debris
16,115.25,12.09080229,4,1.5,1.118033989,248020.6323,0.367727472,674468.5982,Debris
17,95,0,1,0,0,80442,0,inf,Debris
18,97,0,1,0,0,52093,0,inf,Debris
19,120,1,2,0.5,0.5,55298.86453,1409.635472,39.2291948,Debris
20,116.5,22.377444,4,1.833333333,1.067187373,230848.9828,1914.642225,120.5702975,Debris
21,111.6666667,15.69146973,3,1.5,1.118033989,237470.1182,0.32622818,727926.4419,Debris
22,136.25,14.49784467,4,1.5,1.118033989,9488.892084,0.107915655,87928.78222,Debris
23,146,16.77796174,4,1.5,1.118033989,15140.98309,0.016907753,895505.3477,Debris
24,103,0,1,0,0,22717,0,inf,Debris
25,92,0,1,0,0,45833,0,inf,Debris
26,97,0,1,0,0,18356,0,inf,Debris
27,92,0,1,0,0,91925,0,inf,Debris
28,93,0,1,0,0,129509,0,inf,Debris
29,91,0,1,0,0,57770,0,inf,Debris
30,93,0,1,0,0,61172,0,inf,Debris
31,106,11,2,0.5,0.5,256247.7613,2700.738713,94.88061917,Debris
32,95,0,1,0,0,52154,0,inf,Debris
33,115.25,23.32782673,4,2.125,1.452368755,15214.06024,1607.564762,9.464041884,Debris
34,91,0,1,0,0,8005,0,inf,Debris
35,92,1,2,0.5,0.5,78712.54115,3120.958855,25.22062764,Debris
36,95,0,1,0,0,90661,0,inf,Debris
37,127.5,36.17434634,6,2.666666667,0.942809042,178391.5537,0.612977452,291024.6587,Debris
38,94,0,1,0,0,113076,0,inf,Debris
39,101,0,1,0,0,51498,0,inf,Debris
40,107,0,1,0,0,62473,0,inf,Debris
41,96,0,1,0,0,69658,0,inf,Debris
42,92,0,1,0,0,73674,0,inf,Debris
43,109.3333333,18.15366507,3,1.75,1.089724736,86441.0181,0.093012684,929346.5608,Debris
44,103.6666667,10.78064109,3,1.5,1.118033989,130118.2967,0.147776638,880506.5421,Debris
45,122.6,28.26729559,5,2.444444444,1.065740339,270198.2235,0.776518799,347960.9558,Debris
46,92,0,1,0,0,84877,0,inf,Debris
47,92,0,1,0,0,110093,0,inf,Debris
48,109.5,15.5,2,0.5,0.5,23132.92383,2343.576169,9.870779598,Debris
49,93.66666667,1.699673171,3,1.5,1.118033989,272963.5451,0.232646451,1173297.697,Debris
50,113.6,23.30321866,5,1.833333333,1.067187373,164935.8537,6613.386337,24.93969734,Debris
51,94,0,1,0,0,27506,0,inf,Debris
52,117,0,1,0,0,125450,0,inf,Debris
53,99.75,2.947456531,4,1.75,1.299038106,37322.97747,0.022533036,1656367,Debris
54,134.6666667,40.32644569,6,1.833333333,1.067187373,65362.26604,6451.233958,10.13174634,Debris
55,99,0,1,0,0,42725,0,inf,Debris
56,146.8571429,37.9037449,7,2.333333333,1.054092553,316862.6918,0.695967717,455283.6062,Debris
57,124,27.43720102,5,1.833333333,1.067187373,220623.422,7904.817986,27.90999393,Debris
58,97,0,1,0,0,61417,0,inf,Debris
59,102,5,2,0.5,0.5,137814.4483,12064.05167,11.42356251,Debris
60,137.3333333,36.60904563,6,1.833333333,1.067187373,80083.91959,7898.580414,10.13902694,Debris
61,137.3846154,46.5180502,13,2.875,1.053268722,566008.7204,2.001523933,282788.8846,Star
62,105,0,1,0,0,133712,0,inf,Debris
63,95.5,4.5,2,0.5,0.5,81196.20582,7133.294178,11.38270816,Debris
64,91,0,1,0,0,62101,0,inf,Debris
65,91,0,1,0,0,125029,0,inf,Debris
66,100,0,1,0,0,102820,0,inf,Debris
67,94,0,1,0,0,68049,0,inf,Debris
68,115.5,9.313968005,4,1.5,1.118033989,173186.9009,0.09908948,1747782.917,Debris
69,91,0,1,0,0,82234,0,inf,Debris
70,105,0,1,0,0,141426,0,inf,Debris
71,121,0,1,0,0,48425,0,inf,Debris
72,128.75,21.68380732,4,1.5,1.118033989,114434.9807,0.019303538,5928186.875,Debris
73,102,0,1,0,0,97465,0,inf,Debris
74,108.3333333,18.89150309,6,1.833333333,1.067187373,415268.9507,13627.54934,30.47275342,Debris
75,105,8.041558721,3,1.5,1.118033989,182119.7113,0.066439815,2741123.079,Debris
76,108,0,1,0,0,116740,0,inf,Debris
77,105,8,2,0.5,0.5,263424.0677,11544.4323,22.81827818,Debris
78,94,0,1,0,0,64964,0,inf,Debris
79,97,0,1,0,0,111400,0,inf,Debris
80,93,0,1,0,0,88245,0,inf,Debris
81,96,0,1,0,0,165609,0,inf,Debris
82,94,0,1,0,0,158882,0,inf,Debris
83,97,0,1,0,0,157781,0,inf,Debris
84,94,0,1,0,0,102290,0,inf,Debris
85,105,0,1,0,0,109237,0,inf,Debris
86,127.25,24.51912519,4,1.5,1.118033989,129616.9999,0.000123441,1050035393,Debris
87,146.875,38.9821674,8,2.416666667,0.953793595,269006.2589,16996.74105,15.82693165,Debris
88,91,0,1,0,0,97498,0,inf,Debris
89,116,4,2,0.5,0.5,56962.50159,9661.998414,5.895519658,Debris
90,92,0,1,0,0,156725,0,inf,Debris
91,97,0,1,0,0,174101,0,inf,Debris
92,112,16.38596961,4,1.5,1.118033989,195194.9784,0.021645024,9018007.002,Debris
93,103,0,1,0,0,107545,0,inf,Debris
94,98.5,4.5,2,0.5,0.5,256143.0409,16629.45911,15.40296886,Debris
95,93,0,1,0,0,168633,0,inf,Debris
96,130,16.95582496,4,1.5,1.118033989,77320.66058,0.33941769,227803.8619,Debris
97,96,4.966554809,3,1.75,1.089724736,162366.4431,0.001385754,117168274.6,Debris
98,96,0,1,0,0,92314,0,inf,Debris
99,135,39.26103121,7,2.222222222,1.030402055,179577.2893,0.098462521,1823813.641,Debris
100,162,37.09832495,7,2.222222222,1.030402055,190654.138,0.106912691,1783269.472,Debris
101,99,0,1,0,0,102132,0,inf,Debris
102,107,0,1,0,0,86536,0,inf,Debris
103,97,0,1,0,0,112969,0,inf,Debris
104,97,0,1,0,0,54874,0,inf,Debris
105,124,30.28530997,5,1.833333333,1.067187373,392674.4107,25747.62932,15.25089576,Debris
106,153.2727273,37.30973772,11,2.666666667,1.349897115,273191.7692,17766.37128,15.37690308,Star
107,110.5,13.46291202,4,1.5,1.118033989,318160.9577,0.042293059,7522770.141,Debris
108,125,22,2,0.5,0.5,98664.47062,954.0293827,103.4186917,Debris
109,121.8333333,32.51367234,6,2.555555556,0.955813919,290850.1666,8.25E-05,3524742105,Debris
110,94,0,1,0,0,161969,0,inf,Debris
111,91,0,1,0,0,167866,0,inf,Debris
112,91,0,1,0,0,80801,0,inf,Debris
113,92,0,1,0,0,108257,0,inf,Debris
114,102,3,2,0.5,0.5,108104.118,17758.38202,6.087498166,Debris
115,96,1,2,0.5,0.5,113057.3081,18251.19189,6.194516434,Debris
116,120.1666667,29.2712411,6,1.833333333,1.067187373,446370.0003,29035.49971,15.37325015,Debris
117,98.5,5.5,2,0.5,0.5,308750.7999,23901.7001,12.91752464,Debris
118,92,0,1,0,0,179129,0,inf,Debris
119,100,0,1,0,0,62253,0,inf,Debris
120,105,0,1,0,0,97378,0,inf,Debris
121,96,0,1,0,0,82565,0,inf,Debris
122,94.5,2.5,2,0.5,0.5,137024.0591,15238.44089,8.991999911,Debris
123,141.25,38.78385618,8,2.222222222,1.030402055,386650.8326,0.011104011,34820826.6,Debris
124,157.2,46.78774768,15,2.75,1.089724736,405014.6601,18390.6021,22.02291464,Star
125,100,0,1,0,0,159053,0,inf,Debris
126,95,0,1,0,0,170120,0,inf,Debris
127,93,0,1,0,0,148234,0,inf,Debris
128,92,0,1,0,0,176306,0,inf,Debris
129,128.75,9.601432185,4,1.5,1.118033989,185818.9629,0.037073719,5012147.915,Debris
130,134.3,45.69912472,10,2.875,1.053268722,838921.1331,0.386943644,2168070.588,Debris
131,162,40.09274961,7,2.222222222,1.030402055,208037.9329,1.311995229,158566.0742,Debris
132,95,0,1,0,0,117640,0,inf,Debris
133,119,0,1,0,0,206957,0,inf,Debris
134,100.5,4.5,2,0.5,0.5,153425.6108,24207.88924,6.337835125,Debris
135,94,0,1,0,0,114869,0,inf,Debris
136,95.5,4.5,2,0.5,0.5,184140.4738,27677.02615,6.653188563,Debris
137,94,0,1,0,0,169025,0,inf,Debris
138,101,6.480740698,3,1.5,1.118033989,215489.0888,0.02230791,9659761.617,Debris
139,97,0,1,0,0,135833,0,inf,Debris
140,91,0,1,0,0,119666,0,inf,Debris
141,101,0,1,0,0,129610,0,inf,Debris
142,108.3333333,11.6714276,3,1.5,1.118033989,319681.1097,0.001423641,224551782.8,Debris
143,92,0,1,0,0,165793,0,inf,Debris
144,93,0,1,0,0,207394,0,inf,Debris
145,162.1428571,39.73637618,7,2.333333333,1.054092553,247727.4451,0.942688923,262788.115,Star
146,93,0,1,0,0,130000,0,inf,Debris
147,131.5,8.321658489,4,1.5,1.118033989,286514.999,0.001008673,284051366.8,Debris
148,107,0,1,0,0,167933,0,inf,Debris
149,141.9230769,46.80805575,13,2.875,0.992156742,686098.0748,0.031744733,21612973.76,Debris
150,99.5,3.5,2,0.5,0.5,240371.1813,40536.31869,5.929773326,Debris
151,163.625,40.46584208,8,2.5,1.040833,346675.4171,10082.58291,34.38359201,Star
152,97,0,1,0,0,157940,0,inf,Debris
153,148.5,39.04484601,8,2.333333333,1.054092553,582700.0519,0.041847216,13924463.93,Debris
154,98.5,5.5,2,0.5,0.5,141222.2865,24053.21348,5.871244049,Debris
155,109,0,1,0,0,225437,0,inf,Debris
156,123,29,2,0.5,0.5,91491.52959,6940.970414,13.18137438,Debris
157,99,0,1,0,0,201170,0,inf,Debris
158,138,40.49279771,6,1.833333333,1.067187373,255784.8517,852.6483443,299.9886804,Debris
159,91,0,1,0,0,229261,0,inf,Debris
160,92,0,1,0,0,206368,0,inf,Debris
161,131,16,2,0.5,0.5,101163.7691,10503.73089,9.631222487,Debris
162,96,0,1,0,0,217216,0,inf,Debris
163,95,0,1,0,0,92537,0,inf,Debris
164,119.3333333,22.89589968,3,1.5,1.118033989,320773.1063,0.00482307,66508077.37,Debris
165,95,0,1,0,0,189153,0,inf,Debris
166,92,0,1,0,0,202093,0,inf,Debris
167,97,0,1,0,0,126641,0,inf,Debris
168,95,0,1,0,0,196677,0,inf,Debris
169,92,0,1,0,0,175325,0,inf,Debris
170,107,0,1,0,0,226514,0,inf,Debris
171,95,0,1,0,0,174973,0,inf,Debris
172,115,0,1,0,0,106565,0,inf,Debris
173,113,0,1,0,0,164705,0,inf,Debris
174,92,0,1,0,0,227170,0,inf,Debris
175,97,0,1,0,0,187874,0,inf,Debris
176,110.5,15.33786165,4,1.5,1.118033989,404456.9938,0.006181127,65434183.86,Debris
177,92,0,1,0,0,168193,0,inf,Debris
178,136.8333333,37.1547066,6,1.833333333,1.067187373,320086.7332,23840.76679,13.4260251,Debris
179,146.1428571,38.37197106,7,2.222222222,1.030402055,524706.5802,0.236175379,2221681.964,Debris
180,147.5,41.22600312,6,2.333333333,1.054092553,437579.3965,0.770177944,568153.6323,Debris
1,87,10,2,0.5,0.5,13315.74236,71.75764026,185.5654995,Debris
2,133.1666667,50.24412625,6,1.833333333,1.067187373,91857.34191,100.1580936,917.1235053,Debris
3,91,5,2,0.5,0.5,148308.5147,335.9853013,441.4136991,Debris
4,108.6666667,30.55414138,3,1.5,1.118033989,5607.728243,0.049534814,113207.8178,Debris
5,112,0,1,0,0,124745,0,inf,Debris
6,138.8,35.48746257,5,2,1.154700538,148652.7978,1152.442179,128.9893762,Debris
7,121.5,46.72526083,4,2,1.154700538,433856.6425,1439.982538,301.2929887,Debris
8,86,0,1,0,0,11920,0,inf,Debris
9,76,0,1,0,0,88180,0,inf,Debris
10,92,0,1,0,0,18493,0,inf,Debris
11,121.5,19.5,2,0.5,0.5,5800.590581,931.9094194,6.224414584,Debris
12,111.2,39.09680294,5,3,2.738612788,73595.92458,4278.595424,17.20095435,Debris
13,147.6,50.56520543,10,2.875,1.053268722,209216.3377,1.982254371,105544.6469,Star
14,94,0,1,0,0,135529,0,inf,Debris
15,79,0,1,0,0,8005,0,inf,Debris
16,80,0,1,0,0,93586,0,inf,Debris
17,105,0,1,0,0,125425,0,inf,Debris
18,123,21.85177338,4,1.5,1.118033989,53210.93458,0.065418885,813387.9802,Debris
19,98,9,2,0.5,0.5,39059.60875,3956.891247,9.871286904,Debris
20,122.5,44.70551793,6,2.333333333,1.054092553,34943.54853,0.618139854,56530.16591,Debris
21,130.1666667,45.69980549,6,2.444444444,1.065740339,139155.8096,0.357053005,389734.3185,Debris
22,117.3333333,25.97862369,3,1.5,1.118033989,221210.2495,0.194952289,1134689.163,Debris
23,146.5,19.93113143,4,1.5,1.118033989,52610.99679,0.003212256,16378206.99,Debris
24,75,0,1,0,0,27506,0,inf,Debris
25,80,0,1,0,0,125450,0,inf,Debris
26,119,32.9772649,4,1.5,1.118033989,29642.87447,0.125527637,236146.1991,Debris
27,94.33333333,10.49867717,3,1.5,1.118033989,229026.2669,0.177575459,1289740.532,Debris
28,96,13,2,0.5,0.5,119759.4592,6503.040797,18.41591694,Debris
29,86,6,2,0.5,0.5,222631.0582,6937.441758,32.09123277,Debris
30,81,0,1,0,0,29053,0,inf,Debris
31,112.75,20.49847555,4,1.5,1.118033989,178132.8803,0.119663478,1488615.268,Debris
32,109,0,1,0,0,141650,0,inf,Debris
33,116.6666667,24.4994331,3,1.5,1.118033989,183410.3256,0.11888886,1542704.053,Debris
34,102,0,1,0,0,22900,0,inf,Debris
35,86,6,2,0.5,0.5,125712.822,8138.67803,15.44634417,Debris
36,93.5,7.5,2,0.5,0.5,73573.8097,8701.690301,8.455117012,Debris
37,135.5,25.54897258,4,1.5,1.118033989,45986.71242,0.287583071,159907.578,Debris
38,81.5,1.5,2,0.5,0.5,207652.7415,11371.75854,18.26038961,Debris
39,99,0,1,0,0,29506,0,inf,Debris
40,120.25,11.09898644,4,1.5,1.118033989,78292.97297,0.027026691,2896876,Debris
41,108.5,16.99264547,4,1.75,1.089724736,106978.9995,0.000458034,233561354.3,Debris
42,129.5,24.31563283,4,1.5,1.118033989,127520.9939,0.006148007,20741841.68,Debris
43,122,31.34485604,4,1.5,1.118033989,74210.93207,0.067927997,1092494.037,Debris
44,84,0,1,0,0,29682,0,inf,Debris
45,138,37.88799282,4,1.5,1.118033989,279674.9119,0.08813447,3173275.035,Debris
46,111.5,0.5,2,0.5,0.5,120889.0729,13145.42711,9.196283383,Debris
47,171.4210526,46.12832877,19,3.194444444,1.745143172,363247.0198,46065.21842,7.885494354,Star
48,77,0,1,0,0,66757,0,inf,Debris
49,86,0,1,0,0,115624,0,inf,Debris
50,105.25,21.3585463,4,1.5,1.118033989,119620.9438,0.056210892,2128074.092,Debris
51,91,10,2,0.5,0.5,97992.56018,8984.939823,10.90631235,Debris
52,96.5,3.5,2,0.5,0.5,120616.7396,17631.76043,6.840878995,Debris
53,152.5625,49.01653898,16,2.875,0.970931683,375971.422,29146.93735,12.89917419,Star
54,99,14,2,0.5,0.5,128487.1781,18481.32191,6.952272066,Debris
55,141.5,39.89047505,4,2,1,363811.7258,26868.89921,13.54025422,Debris
56,80,0,1,0,0,70753,0,inf,Debris
57,110.5,16.5,2,0.5,0.5,123413.0807,14044.41933,8.787339492,Debris
58,127,41.89510711,5,1.833333333,1.067187373,108863.4195,1317.620503,82.6212246,Debris
59,149.5,6.5,2,0.5,0.5,166015.0001,21869.49988,7.591165827,Debris
60,84,0,1,0,0,62253,0,inf,Debris
61,123.5,41.5601973,4,1.833333333,1.067187373,491399.6219,30931.00311,15.88696041,Debris
62,131.125,48.11818134,8,2.333333333,1.054092553,320866.8178,0.025946513,12366471.75,Debris
63,87,0,1,0,0,206957,0,inf,Debris
64,83,0,1,0,0,95346,0,inf,Debris
65,131,0,1,0,0,82240,0,inf,Debris
66,86,5,2,0.5,0.5,179430.2835,27139.21647,6.61147619,Debris
67,115,28,2,0.5,0.5,285838.5617,31204.93834,9.160042508,Debris
68,87,0,1,0,0,154097,0,inf,Debris
69,81.75,3.561951712,4,1.5,1.118033989,318240.9995,0.000452487,703314822.3,Debris
70,122,25,2,0.5,0.5,209753.5335,31112.96647,6.741675813,Debris
71,100.25,12.96871235,4,1.5,1.118033989,334085,0,inf,Debris
72,149.5,52.73992795,8,2.583333333,1.037491633,686915.7141,43982.28585,15.6180085,Star
73,144.5714286,45.44653733,7,2.333333333,1.054092553,290941.8812,1.50657651,193114.5741,Star
74,135.5,4.5,2,0.5,0.5,108285.1235,5644.376499,19.18460321,Debris
75,88,0,1,0,0,164705,0,inf,Debris
76,79,0,1,0,0,116818,0,inf,Debris
77,119.25,14.77117125,4,1.5,1.118033989,256360.8471,0.152925068,1676382.102,Debris
78,80,0,1,0,0,200224,0,inf,Debris
79,102.5,1.5,2,0.5,0.5,320786.0019,44767.49811,7.16560039,Debris
80,96.75,6.759252917,4,2,1.732050808,645438.1813,101225.3187,6.376252403,Debris
81,122.25,42.2573958,4,2,1.154700538,257998.8162,7095.808843,36.35932448,Debris
82,85,0,1,0,0,128916,0,inf,Debris
83,140.2857143,45.79991979,7,2.222222222,1.030402055,750087.8114,0.004885795,153524199.5,Debris
1,171.4769231,44.86870568,780,5.061501869,2.934780257,2984483.106,558217.4666,5.346452386,Star
2,118,0,1,0,0,134056,0,inf,Debris
3,157,0,1,0,0,120040,0,inf,Debris
4,139.5,14.84082208,4,1.5,1.118033989,79560.61946,0.380540024,209072.9346,Debris
5,143.6666667,40.92947865,6,2.222222222,1.133115447,43993.18129,0.985379978,44645.90541,Debris
6,156,35.62021898,5,1.833333333,1.067187373,438695.4011,681.6388982,643.589153,Debris
7,166.5,17.5,2,0.5,0.5,186632.1907,574.3093333,324.9680613,Debris
8,167.5,4.5,2,0.5,0.5,23145.271,623.2289956,37.13766716,Debris
9,153.25,18.07449861,4,1.5,1.118033989,231080.6053,0.394684789,585481.406,Debris
10,146.5,21.74281491,4,1.5,1.118033989,24106.82474,0.175261572,137547.6921,Debris
11,163.8,30.64245421,5,1.833333333,1.067187373,51491.43453,1000.805474,51.44999292,Debris
12,105,0,1,0,0,99369,0,inf,Debris
13,141.6666667,31.71049598,3,1.5,1.118033989,40203.5837,0.194081648,207147.7861,Debris
14,126,0,1,0,0,22973,0,inf,Debris
15,129,0,1,0,0,5941,0,inf,Debris
16,159.2307692,43.30243171,13,2.8,1.166190379,133647.107,3333.656306,40.09024769,Star
17,156.5,25.5,2,0.5,0.5,95051.37032,2440.129684,38.95340929,Debris
18,173.5,13.61065759,4,1.5,1.118033989,45800.92655,0.073448296,623580.5211,Debris
19,158.25,37.93003427,4,1.5,1.118033989,293732.7017,0.298284799,984739.0894,Debris
20,187.8571429,25.64832811,7,2.222222222,1.030402055,318229.483,1.047569018,303779.0138,Star
21,100.5,1.5,2,0.5,0.5,7928.511278,546.9887218,14.49483502,Debris
22,162,29.93325909,3,1.5,1.118033989,96790.3014,0.143045783,676638.6217,Debris
23,185,0,1,0,0,8917,0,inf,Debris
24,173.1041667,35.79876603,48,3.9375,2.22679001,232178.542,10214.68023,22.72988843,Star
25,149.5,40.5,2,0.5,0.5,126889.4193,7593.080694,16.71119068,Debris
26,166.8461538,43.72263303,13,2.7,1.053565375,101275.2869,1651.103601,61.33793595,Star
27,109,0,1,0,0,39762,0,inf,Debris
28,166.125,39.26333372,8,2,1.054092553,174790.0155,0.078267485,2233239.185,Star
29,104,0,1,0,0,34669,0,inf,Debris
30,150.75,49.86168369,4,2,1.154700538,469520.161,16008.464,29.32949477,Debris
31,154.5714286,41.3481979,7,2.333333333,1.054092553,261818.3776,0.153019613,1711011.887,Debris
32,126,14.71960144,3,1.5,1.118033989,289114.3441,0.100352836,2880978.303,Debris
33,124,5,2,0.5,0.5,30789.96618,454.5338218,67.73965919,Debris
34,159.5,24.58149711,4,1.5,1.118033989,124480.9954,0.004627212,26901941.33,Debris
35,127.5,19.5,2,0.5,0.5,93272.05475,14440.44525,6.459084407,Debris
36,166,34.44664611,7,2.111111111,1.099943882,144992.0369,0.922239247,157217.3787,Debris
37,157.8333333,32.7791431,6,2,1.154700538,369568.8116,25212.68844,14.65804856,Debris
38,129.5,24.5,2,0.5,0.5,112853.1977,6172.302342,18.28380909,Debris
39,174.4666667,36.64217364,15,2.958333333,0.978057883,647421.5791,64053.35868,10.10753522,Star
40,171.6666667,46.89586573,6,2.333333333,1.054092553,606623.9728,0.193859797,3129189.153,Debris
41,162.6,33.21204601,5,2.222222222,1.133115447,195080.8424,1.157550876,168528.9576,Debris
42,151,37.40989174,4,1.833333333,1.067187373,319758.048,28728.57697,11.1303128,Debris
43,179.4583333,38.06352056,24,3.25,1.86748494,767615.2667,130445.7472,5.88455571,Star
44,122,9,2,0.5,0.5,97364.47845,14158.02155,6.876983349,Debris
45,126,0,1,0,0,82820,0,inf,Debris
46,175.375,33.39512502,8,2.416666667,0.953793595,350883.2759,12627.72408,27.78673921,Star
47,105,0,1,0,0,119362,0,inf,Debris
48,121,0,1,0,0,128781,0,inf,Debris
49,120,13,2,0.5,0.5,107967.0281,9351.471855,11.54545828,Debris
50,160,13,2,0.5,0.5,146913.8039,22673.69608,6.479481924,Debris
1,107,0,1,0,0,31329,0,inf,Debris
2,180.9444444,34.16540196,18,2.791666667,1.039998665,246023.8116,14.85507249,16561.6029,Star
3,124,3,2,0.5,0.5,86641.68712,111.8128764,774.8811223,Debris
4,129.75,22.32011425,4,1.5,1.118033989,162490.6184,0.381566644,425851.2133,Debris
5,150,37.20886991,4,1.5,1.118033989,243268.5998,0.400150287,607943.0851,Debris
6,184.1621622,39.80595739,37,3.635294118,2.028311722,611886.6131,20506.43296,29.83876397,Star
7,150.5,29.6690074,4,1.5,1.118033989,100048.7179,0.282102566,354653.6973,Debris
8,156.4,38.64505143,5,2.222222222,1.133115447,92787.12988,0.870120674,106637.0822,Debris
9,126.6666667,15.19502843,3,1.5,1.118033989,25802.36362,0.080823775,319242.246,Debris
10,146,0,1,0,0,37210,0,inf,Debris
11,148.5,42.93696931,6,2.333333333,1.054092553,93989.55358,0.613089411,153304.8067,Debris
12,160,27.74887385,4,1.5,1.118033989,17698.99949,0.000508503,34806064.84,Debris
13,121,0,1,0,0,8633,0,inf,Debris
14,103,0,1,0,0,40837,0,inf,Debris
15,154.5,35.85503219,6,1.833333333,1.067187373,248196.6057,4489.894257,55.27894234,Debris
16,141.5,0.5,2,0.5,0.5,77901.12686,7749.373139,10.05257141,Debris
17,153,42.00793576,3,1.5,1.118033989,35550.43867,0.005778957,6151705.357,Debris
18,170.9,40.07355737,10,2.25,1.089724736,262113.1565,8642.803533,30.32733018,Star
19,105,0,1,0,0,125450,0,inf,Debris
20,119.3333333,7.40870359,3,1.5,1.118033989,29287.57709,0.200691841,145933.0727,Debris
21,115,0,1,0,0,124578,0,inf,Debris
22,150.75,28.45500835,4,1.5,1.118033989,233498.8405,0.159525417,1463709.321,Debris
23,151.25,37.21810715,4,1.833333333,1.067187373,312881.3618,13748.13817,22.75808972,Debris
24,122.5,7.5,2,0.5,0.5,238350.2091,7876.290905,30.26173258,Debris
25,117,0,1,0,0,149920,0,inf,Debris
26,145.3333333,25.30261295,3,1.5,1.118033989,201170.3423,0.102124618,1969851.594,Debris
27,154.2,31.32028097,5,1.833333333,1.067187373,350030.1269,12149.31314,28.81069266,Debris
28,133.25,14.82185886,4,1.5,1.118033989,252900.8884,0.111601031,2266116.049,Debris
29,103,0,1,0,0,171329,0,inf,Debris
30,163,33.70954365,6,1.833333333,1.067187373,215085.9999,14937.50013,14.39906263,Debris
31,109,4,2,0.5,0.5,126395.1979,12279.30207,10.29335358,Debris
32,155,0,2,1,0,75737.59244,10962.90756,6.908531518,Debris
33,158.5,9.5,2,0.5,0.5,151473.4954,13665.00463,11.08477453,Debris
34,120.5,0.5,2,0.5,0.5,108827.5033,18420.99667,5.907796701,Debris
35,110.5,2.5,2,0.5,0.5,114879.7484,14267.75156,8.051706531,Debris
36,144.3333333,40.18153252,6,2.333333333,1.054092553,180838.0551,0.111613676,1620214.138,Star
37,167,0,1,0,0,53885,0,inf,Debris
38,111.5,6.5,2,0.5,0.5,230634.2246,21288.27545,10.83386135,Debris
39,164.6666667,34.66346139,6,2.333333333,1.054092553,574841.9159,0.250764595,2292356.769,Debris
40,159.4285714,40.61968961,7,2.222222222,1.030402055,365544.785,0.031365877,11654218.63,Debris
41,120,0,1,0,0,137650,0,inf,Debris
42,160.8571429,38.30862854,7,2.222222222,1.030402055,281330.0691,0.032915799,8546961.501,Star
43,151,39.17652358,5,2.444444444,1.065740339,360447.9967,0.003262607,110478535.9,Debris
44,120.5,13.5,2,0.5,0.5,118674.5156,3249.984371,36.51541118,Debris
45,107,0,1,0,0,146365,0,inf,Debris
46,180.4871795,33.66872687,39,3.8,2.196967607,1155232.913,250173.6686,4.617723837,Star
47,134.5,17.5,2,0.5,0.5,166368.7122,24143.7878,6.890746124,Debris
48,147,35.39303133,3,1.75,1.089724736,388494.418,0.026431382,14698225.58,Debris
49,124,1,2,0.5,0.5,108679.4753,18437.02468,5.89463198,Debris
50,107,0,1,0,0,206957,0,inf,Debris
51,103,0,1,0,0,132673,0,inf,Debris
52,117,0,1,0,0,79370,0,inf,Debris
53,139.6666667,17.4610678,3,1.5,1.118033989,216131.7441,0.033691385,6415044.82,Debris
54,167.125,36.53572738,8,2.222222222,1.030402055,406486.0851,0.008680186,46829188.29,Debris
55,111,0,1,0,0,84625,0,inf,Debris
56,121,0,1,0,0,95625,0,inf,Debris
57,150,25.01999201,3,1.5,1.118033989,210857.0251,0.086006673,2451635.657,Debris
58,181.5892857,39.63258796,56,4.262820513,2.638745281,2237289.217,150631.1101,14.8527699,Star
59,133.75,16.20763709,4,1.5,1.118033989,395168.998,0.001983961,199181808.2,Debris
60,117,7,2,0.5,0.5,93902.84325,804.6567455,116.6992556,Debris
61,149,0,1,0,0,177896,0,inf,Debris
62,133.5,21.24264579,4,1.5,1.118033989,212330.7573,0.242682693,874931.6017,Debris
63,127,0,1,0,0,120305,0,inf,Debris
64,138.75,20.32701405,4,1.75,1.089724736,332840.9899,0.010106928,32931963.3,Debris
65,105,0,1,0,0,164705,0,inf,Debris
66,168.1428571,39.40786206,7,2.222222222,1.030402055,348194.8967,1.348211861,258264.2288,Star
67,150.6,37.03295829,5,1.833333333,1.067187373,557659.585,52556.05496,10.61075808,Star
68,115,0,1,0,0,138816,0,inf,Debris
